id;cerf_no;cerf_ver;status;pdf;pdf_content_type;issu_dt;exp_dt
1;softly merrily aha;pencil hmph;quaff bird;../fake-data/blob/hipster.png;image/png;2024-05-27;2024-05-27
2;aw briefly;phew enormously stra;eddy bah a;../fake-data/blob/hipster.png;image/png;2024-05-27;2024-05-27
3;dapper geez;despite furthermore ;evergreen ;../fake-data/blob/hipster.png;image/png;2024-05-27;2024-05-28
4;boohoo;incidentally soon;aside than;../fake-data/blob/hipster.png;image/png;2024-05-27;2024-05-27
5;ferry;questioningly;but althou;../fake-data/blob/hipster.png;image/png;2024-05-27;2024-05-27
6;whenever;so;yum follow;../fake-data/blob/hipster.png;image/png;2024-05-27;2024-05-27
7;zowie;stadium deteriorate ;whoa;../fake-data/blob/hipster.png;image/png;2024-05-27;2024-05-27
8;memorable;dream hm upskill;supposing ;../fake-data/blob/hipster.png;image/png;2024-05-27;2024-05-27
9;lest spanish;jubilantly boohoo;gadzooks e;../fake-data/blob/hipster.png;image/png;2024-05-27;2024-05-27
10;medium;further;beside sud;../fake-data/blob/hipster.png;image/png;2024-05-27;2024-05-28
